predictor,median,lower,upper,St_median,St_lower,St_upper
Chilling,-0.2809127345799659,-0.8654846379085802,0.2847593544115396,-0.018636624887257765,-0.05741894388128838,0.018891821615850783
Temperature,-3.6854766656368914,-4.981270782028253,-2.5410207108070284,-2.877422995566193,-3.8891097124537484,-1.9838930181430339
Temperature x Chilling,-1.6295485742564382,-2.736790414680029,-0.6383552780589803,-1.6295485742564382,-2.736790414680029,-0.6383552780589803
